date,pnl,n_positions,equity
2000-02-15,-0.015757728906313766,3,0.9842422710936862
2000-02-16,0.03787495330031216,3,1.0215204011475527
2000-02-17,-0.0025619385029804036,3,1.018903328700273
2000-02-18,0.005752879096030766,3,1.024764956360829
2000-02-22,0.0080992249098886,3,1.0330647582221675
2000-02-23,-0.001436969212271533,3,1.0315802759703194
2000-02-24,-0.04885525337192709,3,0.981182160214307
2000-02-25,0.0076100470318604336,3,0.9886490026003604
2000-02-28,0.010561390485553067,3,0.9990905107699753
2000-02-29,0.051121962919575194,3,1.0501659788148574
2000-03-01,-0.0363600935459632,3,1.0119818455863612
2000-03-02,0.025071343751453097,3,1.0373535903072868
2000-03-03,-0.024921333712975634,3,1.0115013553048855
2000-03-06,0.1412496102685906,3,1.1543755275278518
2000-03-07,0.006587842246757,3,1.161980371396722
2000-03-08,0.12117269304925073,3,1.3027806622692315
2000-03-09,0.0629764529380488,3,1.3848251673352299
2000-03-10,0.06311298195687833,3,1.4722256131346891
2000-03-13,-0.09479805575184597,3,1.3326614873814513
2000-03-14,-0.017103147374184762,3,1.309868781562866
2000-03-15,-0.01776384535005223,3,1.2866004750983218
2000-03-16,0.023596492283898766,3,1.3169597332814398
2000-03-17,-0.009794677618518766,3,1.3040605372573777
2000-03-20,0.04511809772058194,3,1.3628972680109106
2000-03-21,-0.006665390650818267,3,1.353813025302685
2000-03-22,0.0136618932891605,3,1.3723086743878459
2000-03-23,0.007392289146091331,3,1.3824531769066102
2000-03-24,-0.037532591721079665,3,1.3305661262442647
2000-03-27,-0.015495016011149564,3,1.3099489828142166
2000-03-28,-0.01791932039845813,3,1.2864755872855342
2000-03-29,-0.009804026581292065,3,1.2738629464316036
2000-03-30,0.05295479751370636,3,1.3413201008201026
2000-03-31,-0.1021988994733965,3,1.204238662674743
2000-04-03,-0.006412953612661233,3,1.1965159359924367
2000-04-04,0.05897295321637427,3,1.2670780143083649
2000-04-05,0.016767720387563897,3,1.288324024161517
2000-04-06,0.0461802989688231,3,1.3478192127660131
2000-04-07,-0.06940524346000217,3,1.2542734921639194
2000-04-10,-0.0324248120300752,3,1.2136039099461984
2000-04-11,-0.0829571097711164,3,1.1129268371701355
2000-04-12,-0.050149295336731924,3,1.0571143405247154
2000-04-13,-0.05653594771241823,3,0.9973493794427627
2000-04-14,0.06190069190069196,3,1.0590859960969954
2000-04-17,0.14396303233549052,3,1.2115552275991723
2000-04-18,-0.04104666222056863,3,1.1618249294103449
2000-04-19,-0.0050713312872268995,3,1.155932930295546
2000-04-20,-0.06534116818469957,3,1.080402922286872
2000-04-24,0.0770812717050082,3,1.1636817534905513
2000-04-25,-0.013928531917247432,3,1.1474733750455397
2000-04-26,0.02369476879390956,3,1.1746624913644108
2000-04-27,0.009251810136765966,3,1.1855302457092949
2000-04-28,0.028985507246376864,3,1.2198934412371008
2000-05-01,-0.0566729887782519,3,1.1507584339312074
2000-05-02,-0.0086187404131536,3,1.140840345710907
2000-05-03,-0.0080249346182782,3,1.131685176526683
2000-05-04,0.042342447759824195,3,1.1796034969943316
2000-05-05,-0.0373354781625621,3,1.135562436391818
2000-05-08,-0.008357886265362631,3,1.126071534701237
2000-05-09,-0.06170494416542399,3,1.056587353526224
2000-05-10,0.03813491578410026,3,1.0968802232714918
2000-05-11,-0.0014667360606308326,3,1.0952713894938266
2000-05-12,0.0359509640492689,3,1.134647451841712
2000-05-15,0.055470714918682634,3,1.1975871571760333
2000-05-16,0.0525704182416778,3,1.2605448149096392
2000-05-17,-0.0669743069983436,3,1.1761206994907107
2000-05-18,-0.0224883527003443,3,1.149671682382388
2000-05-19,0.02216766458022563,3,1.1751572186148245
2000-05-22,-0.05314851306423922,3,1.1126993598287396
2000-05-23,0.026862867905627363,3,1.142589655750495
2000-05-24,-0.041218799980917833,3,1.0954934812698496
2000-05-25,0.006984738268435367,3,1.1031452165112965
2000-05-26,0.06287268304016552,3,1.172502916056286
2000-05-30,-0.011698880015589469,3,1.1587859451234148
2000-05-31,0.023053130702514534,3,1.185499588972582
2000-06-01,0.10121862817215235,3,1.305494231067037
2000-06-02,-0.0044475280171489325,3,1.29968800889814
2000-06-05,-0.021532775789741734,3,1.2717021184059203
2000-06-06,-0.012572871030169266,3,1.2557131716824097
2000-06-07,0.0053900709219858005,3,1.2624815547354498
2000-06-08,0.0025740025740025665,3,1.2657311855069697
2000-06-09,-0.039951919465104,3,1.2151627951191246
2000-06-12,0.016477910417304332,3,1.2351861387995386
2000-06-13,-0.02959183673469383,3,1.198634712243226
2000-06-14,0.0217094017094017,3,1.2246563547141474
2000-06-15,0.0473381111067587,3,1.282629273301204
2000-06-16,0.02230271747506423,3,1.3112353916088877
2000-06-19,0.011574040857715365,3,1.3264116836054514
2000-06-20,0.054391565200212065,3,1.3985572911766002
2000-06-21,-0.05080926456839883,3,1.327497623755145
2000-06-22,-0.10367156710789803,3,1.1898738647684384
2000-06-23,0.05279295733292906,3,1.252690824942726
2000-06-26,-0.024980004580448464,3,1.221398602397771
2000-06-27,0.0003253360473171648,3,1.221795967391274
2000-06-28,-0.07019407440504209,3,1.1360331303484306
2000-06-29,0.03278864006404983,3,1.173282111760261
2000-06-30,-0.007326007326007366,3,1.164686638414032
2000-07-03,-0.020379919393077234,3,1.14095041860496
2000-07-05,0.008519641714070401,3,1.150670907384993
2000-07-06,0.0062172253795678666,3,1.1578248877539172
2000-07-07,-0.004274097237754265,3,1.152876231599365
2000-07-10,-0.0184855896034143,3,1.1315646347184884
2000-07-11,0.03293182245427313,3,1.1688291203645722
2000-07-12,-0.014275437930816365,3,1.152143572805077
2000-07-13,0.06821115836877653,3,1.2307326205132523
2000-07-14,-0.010725630630491232,3,1.2175322370207307
2000-07-17,0.006218741746910433,3,1.2251037555713007
2000-07-18,-0.053041714496625536,3,1.160122151939544
2000-07-19,0.016386605699901996,3,1.179132616207099
2000-07-20,-0.017940563020182668,3,1.1579783131968826
2000-07-21,-0.062350600142406565,3,1.0857776704171653
2000-07-24,-0.012052458275775202,3,1.072691380347694
2000-07-25,-0.031341508732813064,3,1.0390716140829135
2000-07-26,-0.005129149606931069,3,1.033742060321967
2000-07-27,-0.023648268173510165,3,1.009295850857236
2000-07-28,0.06550411869745426,3,1.0754088860726365
2000-07-31,-0.016431577588839032,3,1.057738221521407
2000-08-01,-0.011754116588129467,3,1.0453054431459239
2000-08-02,0.02549776478286133,3,1.0719583954615033
2000-08-03,0.0035360610500125983,3,1.0757489057909286
2000-08-04,0.032856753812636065,3,1.1110945227527138
2000-08-07,-0.003503112231259733,3,1.107202233939973
2000-08-08,-0.0032430237486837325,3,1.10361155080071
2000-08-09,0.004984156434017234,3,1.1091121234122892
2000-08-10,-0.012730980577303899,3,1.094992038511075
2000-08-11,-0.0051179610441636,3,1.089387911914306
2000-08-14,0.030482655794376465,3,1.1225953486597442
2000-08-15,0.013178657102579563,3,1.1373896478246817
2000-08-16,0.010285987658825766,3,1.1490888237054824
2000-08-17,-0.0027254106767997683,3,1.1459570847567642
2000-08-18,0.012377947460041198,3,1.1601416813433454
2000-08-21,-0.019874760061675965,3,1.137084143789097
2000-08-22,0.026888200113620832,3,1.1676582897933234
2000-08-23,0.022757839897346532,3,1.1942316702072493
2000-08-24,-0.0020071912013536666,3,1.1918346189064315
2000-08-25,0.007390090230005765,3,1.2006423842793945
2000-08-28,0.0016253276408712668,3,1.2025938215333654
2000-08-29,0.034619317173236,3,1.244226798471603
2000-08-30,-0.0117098560354374,3,1.2296570817860673
2000-08-31,0.0017187052420510667,3,1.2317704998584582
2000-09-01,0.031766300575077934,3,1.2708992917964759
2000-09-05,-0.0219725856153634,3,1.242974348298973
2000-09-06,0.007014317911979566,3,1.2516929655343776
2000-09-07,-0.0267950085249543,3,1.2181538418522586
2000-09-08,-0.028560847655653067,3,1.1833623355539677
2000-09-11,-0.0018181602174298336,3,1.1812107932326585
2000-09-12,-0.0008798796563552334,3,1.1801714698858259
2000-09-13,0.006952698432003366,3,1.1883768462139963
2000-09-14,-0.005739798145811298,3,1.1815558029955722
2000-09-15,-0.03446702682853296,3,1.140831087434315
2000-09-18,0.006910448499233498,3,1.1487147419103545
2000-09-19,-0.041432915518108134,3,1.1011201410543774
2000-09-20,0.03276637684230503,3,1.137199858544817
2000-09-21,0.006888438765970633,3,1.1450333901350735
2000-09-22,0.015892710545700302,3,1.1632310743696521
2000-09-25,-0.006162259222984001,3,1.1560629429531561
2000-09-26,-0.008237724628432431,3,1.1465396147759728
2000-09-27,0.03305338900593163,3,1.1844366346738742
2000-09-28,-0.02829310719721673,3,1.1509252420007356
2000-09-29,-0.03900466574781987,3,1.1060337876357682
2000-10-02,-0.0319837193840262,3,1.070658713342774
2000-10-03,-0.007493517208863768,3,1.06263571384952
2000-10-04,-0.033335660755015595,3,1.0272120501864686
2000-10-05,-0.029868957333746067,3,0.9965302972867391
2000-10-06,-0.025156974783789463,3,0.9714606097266145
2000-10-09,-0.016206175243865667,3,0.9557169488428724
2000-10-10,-0.0106866397188978,3,0.9455035461373443
2000-10-11,-0.0110715108084787,3,0.9350353934068298
2000-10-12,0.036797873778381326,3,0.9694427077917336
2000-10-13,-0.02950434981684976,3,0.9408399310136522
2000-10-16,-0.04183823474408023,3,0.9014768491232987
2000-10-17,-0.004610097805974133,3,0.897320952679019
2000-10-18,0.08832073959585567,3,0.9765730028744878
2000-10-19,0.0635514858959632,3,1.0386356682930442
2000-10-20,-0.017619415427078,3,1.0203355149760083
2000-10-23,-0.033750174606581466,3,0.9858990131882718
2000-10-24,-0.035796092601448865,3,0.9506076808165074
2000-10-25,0.030636630754162533,3,0.9797310973257536
2000-10-26,0.0167597765363129,3,0.9961511715826099
2000-10-27,-0.009319528056080866,3,0.986867512790948
2000-10-30,0.0367128896157362,3,1.0230982708533982
2000-10-31,0.026333593546708264,3,1.0500401248763915
2000-11-01,0.07405842699960352,3,1.1278044448112046
2000-11-02,-0.004380821165255202,3,1.1228637352291069
2000-11-03,0.0194122528310956,3,1.1446610499522427
2000-11-06,-0.0123941830142444,3,1.1304739114098574
2000-11-07,-0.04495176027090923,3,1.0796571191516444
2000-11-08,-0.05321134186540183,3,1.0222071150870513
2000-11-09,-0.04210076980957343,3,0.9791714086370632
2000-11-10,-0.0290946868506975,3,0.9506827231296116
2000-11-13,0.07966242057527956,3,1.0264164100532147
2000-11-14,0.012902557730143933,3,1.0396598070390934
2000-11-15,-0.0485875418371702,3,0.9891452926681572
2000-11-16,-0.0165616274024585,3,0.9727634368840914
2000-11-17,-0.05417998080043773,3,0.9200591325503436
2000-11-20,-0.0177939939981522,3,0.9036876058677976
2000-11-21,0.002344877344877332,3,0.9058066424616434
2000-11-22,0.07296123005240307,3,0.9718954092852823
2000-11-24,-0.021856309239337,3,0.9506533626716511
2000-11-27,-0.0820550089576442,3,0.8726474924820142
2000-11-28,0.0011419095001185021,3,0.8736439769439341
2000-11-29,-0.11897792351219957,3,0.7696996306782049
2000-11-30,0.034800675236982194,3,0.7964856975554623
2000-12-01,0.02604057478229323,3,0.8172266429256823
2000-12-04,0.022822826023243765,3,0.8358780644187346
2000-12-05,-0.09143545183104615,3,0.7594491759229473
2000-12-06,-0.05200969662173203,3,0.7199504546835703
2000-12-07,0.1178671530542178,3,0.8048089651172123
2000-12-08,0.05065510319000403,3,0.8455766462934651
2000-12-11,-0.008786492112185598,3,0.8381469937605591
2000-12-12,-0.04890134404104623,3,0.7971604792617054
2000-12-13,-0.0621401050447202,3,0.7476248433428835
2000-12-14,-0.05461594858783823,3,0.7067926033358779
2000-12-15,-0.05307748835284629,3,0.66927782716444
2000-12-18,-0.06868111267421173,3,0.6233110813066074
2000-12-19,-0.09843983177316507,3,0.5619524433204354
2000-12-20,-0.03817114612295333,3,0.5405020744923004
2000-12-21,0.11512552098478236,3,0.6027276574115821
2000-12-22,0.010850504648954304,3,0.6092675566603797
2000-12-26,0.02068096863318703,3,0.6218677998888915
2000-12-27,-0.013494114269308001,3,0.6134762447367876
2000-12-28,-0.06553203051376752,3,0.573273900747225
2000-12-29,-0.08608058608058616,3,0.5239261473862
2008-02-14,-0.020574784502016767,3,0.513146479808757
2008-02-15,-0.014239990445074801,3,0.5058392788393565
2008-02-19,0.012586209329768033,3,0.5122058778900476
2008-02-20,-0.02281386927176873,3,0.5005204799516325
2008-02-21,0.008968622899930534,3,0.505009459390011
2008-02-22,-0.0066797392754834,3,0.5016361278696329
2008-02-25,-0.015884823184853167,3,0.49366772667528935
2008-02-26,0.0008902583297865658,3,0.4941072184811088
2008-02-27,-0.016044334656845998,3,0.4861795969114346
2008-02-28,-0.028509320200677663,3,0.4723189471080501
2008-02-29,-0.022820887860251597,3,0.4615402093818252
2008-03-03,0.014403158901121198,3,0.4681878463568083
2008-03-04,0.006460986289822166,3,0.471212801613181
2008-03-05,-0.028813633616265096,3,0.457635448592205
2008-03-06,0.010304344702407334,3,0.46235108200253994
2008-03-07,-0.008599912535234299,3,0.45837490313674717
2008-03-10,0.05773071793783713,3,0.48483721537951807
2008-03-11,-0.0140390119898316,3,0.47803057989968845
2008-03-12,0.007186119567342433,3,0.48146576480369363
2008-03-13,-0.015241329333434767,3,0.47412758651954645
2008-03-14,-0.008895258627208866,3,0.46991009901516073
2008-03-17,0.04386812578318693,3,0.4905241743455477
2008-03-18,-0.022259221039800468,3,0.4796054883234245
2008-03-19,0.017114922616126696,3,0.4878138991423495
2008-03-20,0.028042384345131965,3,0.5014933639909968
2008-03-24,-0.004223620154790733,3,0.49937524651135057
2008-03-25,-0.0028999532887325668,3,0.4979270816229183
2008-03-26,-0.0304420273932468,3,0.48276917176431405
2008-03-27,0.00028156623699343315,3,0.4829051032633442
2008-03-28,0.008742729743336434,3,0.4871270120728536
2008-03-31,0.045856289367030935,3,0.5094648492969636
2008-04-01,-0.008211345987007766,3,0.5052814571511675
2008-04-02,-0.00041303337360639944,3,0.5050727590462996
2008-04-03,0.01724211313806607,3,0.513781280700731
2008-04-04,0.0100520018462439,3,0.5189458110829004
2008-04-07,-0.017416638478217134,3,0.5099075195014843
2008-04-08,-0.003991227541667534,3,0.5078723625659466
2008-04-09,0.012758277097614765,3,0.5143519388977832
2008-04-10,-0.0334386206190465,3,0.49715271954830925
2008-04-11,-0.0056925015586363325,3,0.4943226769174002
2008-04-14,-2.012855900550021e-05,3,0.49431272691423017
2008-04-15,0.026470453235025497,3,0.5073974088354912
2008-04-16,0.000833140662366966,3,0.5078201422487717
2008-04-17,0.08945357061373489,3,0.5532464672024991
2008-04-18,0.018751476113794966,3,0.5636206551172883
2008-04-21,-0.0072982774355444,3,0.559507195207839
2008-04-22,0.0326560885002443,3,0.5777785116910696
2008-04-23,0.009201135641402533,3,0.5830947301478269
2008-04-24,-0.0182556852125727,3,0.5724499363051381
2008-04-25,0.00045873401959310115,3,0.5727125385654351
2008-04-28,0.005783813648999167,3,0.5760250011629429
2008-04-29,0.01456901719135877,3,0.5844171193075383
2008-04-30,0.04079536597179243,3,0.6082586295698699
2008-05-01,0.012086830008773234,3,0.6156105482268504
2008-05-02,-0.0005524241520353671,3,0.6152704700917621
2008-05-05,0.016702791324524534,3,0.6255472043618469
2008-05-06,-0.017085670256937302,3,0.6148593110979713
2008-05-07,0.0034644303906606337,3,0.6169894483813197
2008-05-08,-0.007370806322086,3,0.6124417386545303
2008-05-09,0.022429935914881766,3,0.6261787676041503
2008-05-12,-0.0004963544097490663,3,0.6258679610115587
2008-05-13,-0.0085963066895011,3,0.6204878080715707
2008-05-14,0.015081506620459331,3,0.6298456990569163
2008-05-15,-0.009427219398680634,3,0.6239080054645915
2008-05-16,0.017807578736066962,3,0.6350182963959646
2008-05-19,-0.003163261796325965,3,0.6330095672790073
2008-05-20,-0.0365417980175722,3,0.609878259528307
2008-05-21,0.0002571860857739669,3,0.6100351117306738
2008-05-22,-0.0003730679341915669,3,0.6098075271917561
2008-05-23,0.014423349781109599,3,0.6186029944555964
2008-05-27,0.0022271541258883335,3,0.619980718666985
2008-05-28,0.010339896858884099,3,0.6263912553524985
2008-05-29,0.0235235458261255,3,0.6411261987528674
2008-05-30,-0.011858108409348232,3,0.6335236547839825
2008-06-02,-0.010276504300381767,3,0.6270132462212014
2008-06-03,0.005120651238365933,3,0.6302239623769358
2008-06-04,0.02541443777404443,3,0.6462407500524762
2008-06-05,-0.027340404256757198,3,0.6285722666988515
2008-06-06,-0.0097739420726662,3,0.6224286377756524
2008-06-09,0.0072068357199909,3,0.6269143787155191
2008-06-10,-0.032587480885595835,3,0.606484818382222
2008-06-11,0.0094481890758657,3,0.6122150016179394
2008-06-12,0.022920337861450035,3,0.6262471762988707
2008-06-13,0.011642061642061564,3,0.6335379845285092
2008-06-16,-0.009549538685307567,3,0.6274879890366424
2008-06-17,-0.012352899731019034,3,0.6197366928256539
2008-06-18,0.010636548333801399,3,0.6263285521131242
2008-06-19,-0.0310536129664046,3,0.6068787876659947
2008-06-20,-0.0089759615134059,3,0.6014314670246023
2008-06-23,-0.008706511598434899,3,0.5961950969812888
2008-06-24,0.017044501160742333,3,0.6063569450038152
2008-06-25,-0.03796077978709923,3,0.5833391625421471
2008-06-26,-0.009798749848612667,3,0.5776231680114975
2008-06-27,-0.007818968429683232,3,0.573106750696562
2008-06-30,-0.0015313805342073341,3,0.5722291061745225
2008-07-01,-0.02697855577113253,3,0.5567911913197279
2008-07-02,0.010407033940946733,3,0.5625857361458124
2008-07-03,0.006709640810391366,3,0.5663604843604004
2008-07-07,0.01765272186263673,3,0.5763582884648029
2008-07-08,-0.03743079280875943,3,0.5547847407856656
2008-07-09,0.0024145877606219337,3,0.5561243172305464
2008-07-10,-0.016250609722744,3,0.5470869579939054
2008-07-11,-0.02071647053149993,3,0.5357532471504567
2008-07-14,0.009230478061521767,3,0.540698505744668
2008-07-15,0.050413637523067795,3,0.5679570842225441
2008-07-16,0.0003147347956360667,3,0.5681358400793769
2008-07-17,-0.04698632062066417,3,0.5414412273413168
2008-07-18,-0.0044294599597054,3,0.5390429351042747
2008-07-21,-0.008286742952971732,3,0.5345760248604502
2008-07-22,0.029520211506701664,3,0.5503568221807426
2008-07-23,-0.03633541876069303,3,0.530359376579001
2008-07-24,0.02737395516271883,3,0.544877410373602
2008-07-25,-0.028632822344686996,3,0.5292760322827416
2008-07-28,0.02367258579172743,3,0.5418053645644599
2008-07-29,0.0012562701311295665,3,0.5424860184608481
2008-07-30,-0.0202244029265412,3,0.5315145626414809
2008-07-31,-0.010462475873612499,3,0.5259536043533707
2008-08-01,-0.005512319918649,3,0.5230543798238084
2008-08-04,0.039293664091484166,3,0.5436071029261847
2008-08-05,0.009691650449018733,3,0.5488755529493491
2008-08-06,-0.0015032924408077996,3,0.5480504324796561
2008-08-07,0.032683175567519235,3,0.5659624609842435
2008-08-08,0.0087418070167474,3,0.5709099955968912
2008-08-11,0.009872554376068467,3,0.5765463355722624
2008-08-12,-2.8551256703033753e-05,3,0.5765298744498344
2008-08-13,0.005388760585065466,3,0.5796366559133824
2008-08-14,-0.004282259724344599,3,0.5771545012070107
2008-08-15,-0.010330756223722565,3,0.5711920587516169
2008-08-18,-0.0156617835683443,3,0.5622461723514921
2008-08-19,0.008040133369969567,3,0.566766706563953
2008-08-20,-0.00047315683713800016,3,0.5664985370216801
2008-08-21,0.020930158540356233,3,0.5783554412144237
2008-08-22,-0.019468774044709033,3,0.5670955698118921
2008-08-25,-0.008601044497762667,3,0.5622179555814559
2008-08-26,0.005695336558745466,3,0.5654199760578622
2008-08-27,0.002459280761167567,3,0.5668105025269612
2008-08-28,-0.025920238709164264,3,0.552118638998601
2008-08-29,-0.018798025139633696,3,0.541739898942645
2008-09-02,-0.001910427830718067,3,0.5407049439626945
2008-09-03,-0.02804120852061713,3,0.5255429238809081
2008-09-04,-0.006041764651821632,3,0.5223677172203894
2008-09-05,0.009863366003716834,3,0.5275200212038602
2008-09-08,-0.013111468952037832,3,0.5206034588242674
2008-09-09,-0.008757221007280167,3,0.5160444192781888
2008-09-10,0.01476653153405543,3,0.5236646054684335
2008-09-11,-0.006334514688102732,3,0.5203474443334541
2008-09-12,-0.015804625191735033,3,0.5121235480062867
2008-09-15,-0.0049517357079539,3,0.5095876475467399
2008-09-16,-0.07733565233016203,3,0.4701783544043201
2008-09-17,0.0525677599612403,3,0.49489457727761743
2008-09-18,0.042518833050308194,3,0.5159369171863872
2008-09-19,-0.03300596065978073,3,0.49890792359480474
2008-09-22,-0.0143168665255133,3,0.4917651254441769
2008-09-23,0.00046306335217133343,3,0.49199284385164604
2008-09-24,0.022872491680389333,3,0.5032459460794539
2008-09-25,0.0035323926981198663,3,0.5050236083847435
2008-09-26,-0.11397736777620256,3,0.44746234683621067
2008-09-29,0.0984793716582767,3,0.4915281575933786
2008-09-30,-0.0056536802198719,3,0.48874921457128284
2008-10-01,-0.03058376889538,3,0.47380142154503624
2008-10-02,-0.002181735471397767,3,0.4727677121772527
2008-10-03,-0.07029062760730509,3,0.43953657297584386
2008-10-06,-0.08955659597454713,3,0.40017317369380917
2008-10-07,0.002796810302996767,3,0.4012923821489789
2008-10-08,-0.023501323306520966,3,0.39186148013565175
2008-10-09,-0.0075274920870167655,3,0.38891174594472394
2008-10-10,0.14575459967873622,3,0.4455974217852555
2008-10-13,-0.0677066633781394,3,0.41542750714627447
2008-10-14,-0.08144628365482337,3,0.38159248056122286
2008-10-15,0.04540279445738617,3,0.3989178455226282
2008-10-16,-0.015578719847218432,3,0.39270321616517523
2008-10-17,0.0306460124545231,3,0.4047380038187045
2008-10-20,-0.05962303239391529,3,0.3806062967059733
2008-10-21,-0.008073043101913965,3,0.3775336456678061
2008-10-22,0.019714617860815232,3,0.38497657722174733
2008-10-23,-0.021283276659620667,3,0.37678301422126304
2008-10-24,-0.017180926320208532,3,0.37030953301522146
2008-10-27,0.10159673303896455,3,0.40793177178275253
2008-10-28,0.018258212375859402,3,0.41537987670682264
2008-10-29,0.016085402339044964,3,0.42206142914719474
2008-10-30,-0.0129866924202216,3,0.416580247184421
2008-10-31,-0.0055656149406148325,3,0.4142617219367264
2008-11-03,0.04115802726533663,3,0.4313119171831835
2008-11-04,-0.07979810623040777,3,0.39689404299735903
2008-11-05,-0.042180096221929295,3,0.3801530140738199
2008-11-06,0.021197263891594733,3,0.38821121783232776
2008-11-07,-0.017067837941348897,3,0.3815852916793519
2008-11-10,-0.013400088641007831,3,0.37647201494674376
2008-11-11,-0.05175288590584133,3,0.3569885017104627
2008-11-12,0.06561726005129294,3,0.38041310906251957
2008-11-13,-0.06368819982773466,3,0.356185282955456
2008-11-14,-0.037086680462046294,3,0.34297555318120343
2008-11-17,-0.00803199515061953,3,0.3402207752012709
2008-11-18,-0.06443066790525356,3,0.3183001234198099
2008-11-19,-0.045550779829045096,3,0.30380130457835625
2008-11-20,0.07684048516795156,3,0.3271455442168138
2008-11-21,0.052839451665880034,3,0.3444317353881662
2008-11-24,0.012781378976484833,3,0.34883404792969064
2008-11-25,0.035573189140647964,3,0.36124318749539136
2008-11-26,-0.022864720489074265,3,0.352983462984727
2008-11-28,-0.07422417039438817,3,0.3267835582817474
2008-12-01,0.028851495655177202,3,0.3362117526936966
2008-12-02,0.057016308743855694,3,0.3553813057885933
2008-12-03,-0.03406654123642307,3,0.3432746938802923
2008-12-04,0.035126366165943064,3,0.35533268647303345
2008-12-05,0.06235136824677369,3,0.377488165657429
2008-12-08,-0.0033926847509533654,3,0.3762074673141377
2008-12-09,-0.002394301531609232,3,0.3753067131989446
2008-12-10,-0.039565732744349366,3,0.360457428087355
2008-12-11,0.031003881543861266,3,0.3716330074893803
2008-12-12,-0.03348032088562387,3,0.35919061514694633
2008-12-15,0.03756408875187156,3,0.3726832832931656
2008-12-16,-0.026139587715826997,3,0.36294149591930147
2008-12-17,-0.019114745179682164,3,0.35600396170967136
2008-12-18,-0.005672910854257966,3,0.3539843829711297
2008-12-19,-0.026158205859680633,3,0.34472478661025885
2008-12-22,0.013038023816215966,3,0.3492193165881234
2008-12-23,-0.015954085645323135,3,0.34364784170227525
2008-12-24,0.0018985025104751997,3,0.3443002579924664
2008-12-26,-0.021952303269383334,3,0.33674207431328884
2008-12-29,0.03367128467061836,3,0.3480806125580661
2008-12-30,0.009179133396059799,3,0.3512756909333188
2008-12-31,0.05081257905331969,3,0.3691249147483775
2016-02-17,-0.01589085120774953,3,0.3632592056510378
2016-02-18,0.0033172921563279,3,0.36446424256465787
2016-02-19,0.0167335847045205,3,0.3705630358393825
2016-02-22,-0.0185261649989428,3,0.36369792389491296
2016-02-23,0.0034482791495416996,3,0.36495205586261137
2016-02-24,0.009409294253810966,3,0.3683859971447559
2016-02-25,-0.005581025212859066,3,0.36633002560662675
2016-02-26,-0.008144923795465931,3,0.3633462954640697
2016-02-29,0.03610306362917226,3,0.3764642098886331
2016-03-01,0.0034310634180597663,3,0.37775588246739084
2016-03-02,0.0083661596696927,3,0.3809162484962787
2016-03-03,0.004682221151379867,3,0.38269978261189225
2016-03-04,-0.021772803108580298,3,0.37436733559538704
2016-03-07,0.0031405227362780665,3,0.37554304472454414
2016-03-08,0.0121757130195417,3,0.38011554906359507
2016-03-09,-0.005811041385401633,3,0.37790668187675186
2016-03-10,0.0193444811935954,3,0.38521709057725073
2016-03-11,0.015144002604248098,3,0.39105081920015355
2016-03-14,0.009033418342783532,3,0.3945833448432768
2016-03-15,0.012295112267423998,3,0.3994347913669805
2016-03-16,-0.0020489186944957667,3,0.3986163819557167
2016-03-17,-0.010253444151742033,3,0.3945291911453643
2016-03-18,0.004709807524806833,3,0.3963873476985767
2016-03-21,0.006342520706790799,3,0.3989014426592648
2016-03-22,0.005716969876881399,3,0.40118195019079234
2016-03-23,0.010834639302002801,3,0.40552861191558365
2016-03-24,-0.004062327404434133,3,0.40388122192211684
2016-03-28,0.022516302044108597,3,0.41297513350485887
2016-03-29,0.0037582983955470666,3,0.41452721728651104
2016-03-30,0.0035720774603534,3,0.4160079406160832
2016-03-31,0.016424315090160367,3,0.4228405861127705
2016-04-01,0.0006484058314183,3,0.4231147584145663
2016-04-04,-0.0120665724897999,3,0.41800921351065273
2016-04-05,0.0169318039802284,3,0.42508686357574454
2016-04-06,-0.0170704215363723,3,0.4178304516249322
2016-04-07,-0.008705418974154066,3,0.4141930624833771
2016-04-08,-0.004633693477645533,3,0.41227381879126185
2016-04-11,0.009482359720039933,3,0.41618314744419516
2016-04-12,0.008797403434640033,3,0.41984447849496004
2016-04-13,0.0011746129746991333,3,0.42033763326675605
2016-04-14,-0.0029382877334666337,3,0.419102560355014
2016-04-15,-0.003095880741679467,3,0.41780506880962237
2016-04-18,-0.0069748133134755,3,0.41489095645325147
2016-04-19,-0.004620782815911267,3,0.4129738354511953
2016-04-20,0.001565251572330333,3,0.4136202433964666
2016-04-21,-0.033246889090905604,3,0.3998686570385109
2016-04-22,-0.0011550122524229336,3,0.3994068038402715
2016-04-25,-0.013886028150254266,3,0.39386062971874236
2016-04-26,-0.026031198116263966,3,0.3836079656363373
2016-04-27,-0.027646696360031062,3,0.37300247268910025
2016-04-28,0.029281110396893496,3,0.38392439927022404
2016-04-29,0.014751698387751101,3,0.3895879362119569
2016-05-02,-0.0027130099923970657,3,0.3885309802480965
2016-05-03,-0.0014871170464734666,3,0.38795318920428656
2016-05-04,0.0013551301853297335,3,0.3884789162814722
2016-05-05,0.011684863397202466,3,0.3930182393509144
2016-05-06,-0.0095827382697897,3,0.389252048427961
2016-05-09,0.014509431006415266,3,0.39489987416873235
2016-05-10,-0.006482105723196999,3,0.39234009143429344
2016-05-11,-0.0016988588137756334,3,0.39167356101196277
2016-05-12,-0.003602754887402533,3,0.3902624571757605
2016-05-13,0.0029268338910984327,3,0.39140469056184585
2016-05-16,-0.0190537713261373,3,0.3839469550919029
2016-05-17,0.013473029187621029,3,0.38911988362435435
2016-05-18,0.0007975146493119341,3,0.38943021243188336
2016-05-19,0.012867089386390668,3,0.3944410457850055
2016-05-20,-0.014158583601019233,3,0.38885631926258507
2016-05-23,0.020512986219896466,3,0.39683292358113814
2016-05-24,0.011803070653526534,3,0.4015167706158118
2016-05-25,0.009495929857494066,3,0.4053295457061871
2016-05-26,0.007423662124462067,3,0.40833857530257156
2016-05-27,0.005091524429636433,3,0.4104176411342875
2016-05-31,-0.005927225824782033,3,0.40798500309281027
2016-06-01,-0.006642339413511833,3,0.4052750282266452
2016-06-02,-0.009434325208184099,3,0.40145153181159904
2016-06-03,0.0004611676370646668,3,0.4016366682659206
2016-06-06,0.01459296835296,3,0.4074977394553135
2016-06-07,0.0059184554290369,3,0.409909496663713
2016-06-08,-0.0023910469179863,3,0.40892938382506194
2016-06-09,-0.010577792624199299,3,0.40460381360501885
2016-06-10,-0.016944612114594866,3,0.397747958923396
2016-06-13,-0.003526688953148066,3,0.39634522559052365
2016-06-14,0.0027463704305847,3,0.3974337363983889
2016-06-15,0.004544413512106333,3,0.3992398396402447
2016-06-16,-0.013365518300113833,3,0.39390379225739847
2016-06-17,0.0015800037265974,3,0.394526161717086
2016-06-20,0.010198324135452767,3,0.3985496673941929
2016-06-21,-0.03745681143730433,3,0.3836212676542083
2016-06-22,0.0089294890858927,3,0.38704680957684284
2016-06-23,-0.031343864878976634,3,0.37491526667562725
2016-06-24,-0.009297750447201866,3,0.37142939808723113
2016-06-27,0.021590202726888864,3,0.37944863409066076
2016-06-28,0.020125823961872166,3,0.3870853505029423
2016-06-29,0.007708957456053699,3,0.3900693750018311
2016-06-30,0.010699061963804699,3,0.3942427514151583
2016-07-01,-0.009289880800981767,3,0.39058028324786037
2016-07-05,0.004511711366083899,3,0.392342468751158
2016-07-06,-0.003274140090540333,3,0.3910578845449983
2016-07-07,0.011125431924687998,3,0.3954085724181162
2016-07-08,0.008004698501832067,3,0.3985736988253631
2016-07-11,0.0028279995436674326,3,0.39970086506375907
2016-07-12,-0.003150772866771133,3,0.39844149842329124
2016-07-13,0.0094945933753919,3,0.40222453843470224
2016-07-14,-0.001605103173202,3,0.401578926551721
2016-07-15,0.016748817479551502,3,0.40830489869617004
2016-07-18,-0.005152293121911533,3,0.40620119217497497
2016-07-19,0.019565549084445265,3,0.4141487415386346
2016-07-20,-0.0035347129399803667,3,0.41268484462284144
2016-07-21,0.004173051932766499,3,0.41440699991131824
2016-07-22,0.011711276052473464,3,0.41926023468535706
2016-07-25,-0.002015807530410033,3,0.41841508674707684
2016-07-26,0.000957138842366834,3,0.41881556807883474
2016-07-27,0.0147908460557782,3,0.4250102046720521
2016-07-28,0.0028623332308843003,3,0.42622672550434987
2016-07-29,6.546015279896601e-05,3,0.42625462637092837
2016-08-01,-0.009150621394765933,3,0.42235413166724056
2016-08-02,0.0021407908311391333,3,0.4232583035198075
2016-08-03,0.0065885953730107335,3,0.4260469812199664
2016-08-04,0.008484206083019233,3,0.42966165160968484
2016-08-05,-0.006100230182689033,3,0.4270406166341914
2016-08-08,0.005021109844136434,3,0.4291848344782194
2016-08-09,-0.005638817840927566,3,0.4267647393765081
2016-08-10,0.0014151117008952665,3,0.42736865915272937
2016-08-11,0.0003165351192889667,3,0.4275039363422346
2016-08-12,0.0009144178472872002,3,0.4278948535714115
2016-08-15,-0.005879545599713,3,0.4253790262679558
2016-08-16,0.0032232880779812668,3,0.42675014541194856
2016-08-17,-0.0014894596922108332,3,0.4261145182717124
2016-08-18,-0.0003573010826245333,3,0.4259622670930118
2016-08-19,-0.0033549749875065996,3,0.4245331743412932
2016-08-22,0.0020872305131441333,3,0.42541927293662024
2016-08-23,-0.0033599319898493666,3,0.423989893112382
2016-08-24,-0.0016085608073097663,3,0.42330787958762595
2016-08-25,0.0011476768229459668,3,0.42379370022999907
2016-08-26,0.0009960827101628,3,0.4242158338074741
2016-08-29,-0.010128057571972233,3,0.4199193514197298
2016-08-30,0.00027194401171669997,3,0.4200335459727524
2016-08-31,-0.015006514811873135,3,0.4137303063436287
2016-09-01,0.000664455637473067,3,0.41400521177807215
2016-09-02,0.012901281855554532,3,0.41934640970488957
2016-09-06,0.00037916421217366663,3,0.4195054108559532
2016-09-07,-0.0180686383466655,3,0.4119255193027277
2016-09-08,-0.018626430510558234,3,0.4042528172419098
2016-09-09,0.018583687457444133,3,0.41176532525132475
2016-09-12,-0.012109643561496766,3,0.40677899393154743
2016-09-13,0.013710204362155465,3,0.412356017068581
2016-09-14,0.022763943880567,3,0.4217428662999443
2016-09-15,0.0082573371188229,3,0.42522533932444156
2016-09-16,-0.004033904401655799,3,0.4235100209564451
2016-09-19,0.0011154086238984997,3,0.4239824076861273
2016-09-20,0.011109918275380666,3,0.4286928175857193
2016-09-21,0.006863323279172932,3,0.4316350749802696
2016-09-22,-0.008239547351618633,3,0.42807859734135023
2016-09-23,-0.005737564030027199,3,0.42562246897922
2016-09-26,0.0047392442816557,3,0.4276395978314739
2016-09-27,0.0015299836148193332,3,0.428293879409204
2016-09-28,-0.014955458152823599,3,0.4218885482185892
2016-09-29,0.007223700967338766,3,0.42493614493246495
2016-09-30,0.0156973345674258,3,0.431606509769262
2016-10-03,-0.004244574706743266,3,0.4297745236946297
2016-10-04,-0.0036488336359102,3,0.42820634795671547
2016-10-05,-0.008812855723366899,3,0.4244326271923431
2016-10-06,0.0002023866929454,3,0.4245185267081387
2016-10-07,0.014653882165649368,3,0.4307393711756549
2016-10-10,-0.0025714561355027667,3,0.42963174377684266
2016-10-11,0.0033051730724859,3,0.43105175104745896
2016-10-12,-0.0060718617487626,3,0.4284344644085368
2016-10-13,0.0050002042451250325,3,0.43057672423623017
2016-10-14,-0.0054386275367498665,3,0.42823497780711545
2016-10-17,0.011101517469992533,3,0.43298903589450294
2016-10-18,0.011528431981600733,3,0.43798072054359155
2016-10-19,-0.0026059355868422664,3,0.4368393709975762
2016-10-20,0.008039754314982566,3,0.44035145221550825
2016-10-21,0.013513933586791867,3,0.4463023324955959
2016-10-24,-0.0008305331987813329,3,0.4459316635917648
2016-10-25,-0.013247216690222765,3,0.44002431021513316
2016-10-26,-0.009577442068658766,3,0.4358100028752462
2016-10-27,-0.004718181262867266,3,0.43375377228551004
2016-10-28,-0.004981598525584833,3,0.4315929851330257
2016-10-31,-0.011754084438533867,3,0.4265200047426932
2016-11-01,-0.014041978587030164,3,0.4205308199691563
2016-11-02,-0.020805539753105062,3,0.41178144927688215
2016-11-03,-0.0035579389959852666,3,0.4103163560006766
2016-11-04,0.03182900565834666,3,0.4233763176175343
2016-11-07,0.007113598978402833,3,0.42638804695801835
2016-11-08,-0.013879543859557,3,0.42046997535907366
2016-11-09,-0.03136310351495973,3,0.4072827319969545
2016-11-10,0.0005480265823211341,3,0.40750593376060923
2016-11-11,-0.0295179065576019,3,0.39547721168619526
2016-11-14,0.027096178323161465,3,0.40619313273679103
2016-11-15,0.0010532571881851334,3,0.4066209585736375
2016-11-16,0.011269943035297533,3,0.4112035536137205
2016-11-17,-0.004829019519366699,3,0.40921784362688696
2016-11-18,0.015278895945970667,3,0.41547024047889664
2016-11-21,0.0015714193069305998,3,0.4161231184362402
2016-11-22,-0.001992519839018,3,0.415293984867282
2016-11-23,-3.797739661643329e-05,3,0.41527821308290624
2016-11-25,-0.003333367647818033,3,0.413893938122572
2016-11-28,0.005440361447557066,3,0.41614567074691167
2016-11-29,-0.015516809190129833,3,0.40968841777863324
2016-11-30,-0.018317372939481734,3,0.4021840022411958
2016-12-01,-0.0005656532422554335,3,0.4019565055563448
2016-12-02,0.020435389164851298,3,0.4101706431747324
2016-12-05,0.0011729860730689667,3,0.4106517676267581
2016-12-06,0.016241539175878367,3,0.4173213843983118
2016-12-07,-1.1304849238166943e-05,3,0.4173166666429773
2016-12-08,0.011236611757908367,3,0.4220058920061489
2016-12-09,-0.009539287550333,3,0.4179802564543675
2016-12-12,0.017758516315490632,3,0.42540296565816527
2016-12-13,-0.0042753360063367,3,0.42358422504188453
2016-12-14,-0.0029154425477217,3,0.42234928956965373
2016-12-15,-0.004828340784238633,3,0.42031004326963034
2016-12-16,0.003809731480606333,3,0.42191131167308965
2016-12-19,7.601696474806674e-05,3,0.4219433840903959
2016-12-20,8.804799827793333e-05,3,0.42198053536075164
2016-12-21,-0.0056068941727006995,3,0.41961453515604435
2016-12-22,-0.002736231440631733,3,0.4184663726720043
2016-12-23,0.0070473505556463,3,0.4214154518959737
2016-12-27,-0.002659854895809167,3,0.4202945479430785
2016-12-28,-0.0022155031970619667,3,0.4193633840284029
2016-12-29,-0.013363413112638164,3,0.41375925788331747
2016-12-30,0.0050858705839294995,3,0.41586358392181466
2024-02-14,0.011196404060278602,3,0.4205197606413589
2024-02-15,-0.0042108688960323,3,0.41874900706110724
2024-02-16,-0.007197468991130466,3,0.41573507406771826
2024-02-20,-0.00012079420331276595,3,0.41568485568065705
2024-02-21,0.0284822284302058,3,0.42752448669513066
2024-02-22,-0.0009578508368121001,3,0.4271149820077921
2024-02-23,0.0124661263230759,3,0.4324394513279795
2024-02-26,0.0069306274030982,3,0.435436528039534
2024-02-27,-0.00042697704227223285,3,0.43525060663869436
2024-02-28,0.0027128116860509668,3,0.4364313595707445
2024-02-29,0.009019835205667367,3,0.440367898512658
2024-03-01,-0.035791273793327964,3,0.424606570487199
2024-03-04,-0.0213076598361602,3,0.41555919811905917
2024-03-05,-0.0011588705887065004,3,0.4150776187864926
2024-03-06,0.022361532471355028,3,0.42435939043711945
2024-03-07,-0.006824713443035231,3,0.421463259200525
2024-03-08,-0.004548416417521833,3,0.4195462687929951
2024-03-11,0.011633837493440432,3,0.4244272019051121
2024-03-12,-0.003724238075184134,3,0.4228465339596332
2024-03-13,0.005261405128641767,3,0.42507130088203676
2024-03-14,-0.0140457069118419,3,0.4191008739732123
2024-03-15,0.03184016089843586,3,0.4324451132331944
2024-03-18,-0.0025399333190819994,3,0.4313467314814192
2024-03-19,0.018294483767214997,3,0.4392379972585473
2024-03-20,-0.012142121940733833,3,0.4339047159348303
2024-03-21,0.0043120187440992,3,0.4357757212030944
2024-03-22,-0.005492546593168767,3,0.43338220275021466
2024-03-25,-0.00956429350927,3,0.42923720816141764
2024-03-26,0.008566683423183268,3,0.4329143474371875
2024-03-27,-0.008088851569803199,3,0.42941256753832985
2024-03-28,0.0011423001288583669,3,0.4299030855695623
2024-04-01,-0.0016058779449908672,3,0.4292127136859626
2024-04-02,0.006052871457021399,3,0.43181068306962306
2024-04-03,-0.010347033834204766,3,0.4273427233219306
2024-04-04,0.020401128651780034,3,0.4360609971988233
2024-04-05,-0.010667843845605367,3,0.4314091665735473
2024-04-08,-0.004551247560323734,3,0.42944571665667813
2024-04-09,0.0047766525399387675,3,0.4314970296299121
2024-04-10,0.030269135054372398,3,0.44455807149534043
2024-04-11,-0.010759920865530199,3,0.43977466182591785
2024-04-12,-0.02163063101113083,3,0.4302620583879166
2024-04-15,-0.001198411295618566,3,0.4297464274770684
2024-04-16,-0.019332217080032164,3,0.42143847625171343
2024-04-17,-0.004191116399474666,3,0.41967217854252525
2024-04-18,-0.05118645158275333,3,0.39819064889492967
2024-04-19,0.0036464851322103344,3,0.39964264517591025
2024-04-22,0.020459502007497965,3,0.4078191346771686
2024-04-23,0.03297974860876403,3,0.4212689072166653
2024-04-24,-0.0063127873350759325,3,0.4186095261945267
2024-04-25,0.01835446504318823,3,0.4262928801098097
2024-04-26,0.04307567707388783,3,0.44465573455231744
2024-04-29,-0.025553712525332,3,0.43329312973882717
2024-04-30,-0.011957037039111468,3,0.4281122277377475
2024-05-01,0.013086162427621468,3,0.43371457388717455
2024-05-02,0.021479092694469168,3,0.4430303694226394
2024-05-03,0.029263072297567933,3,0.45599479915307234
2024-05-06,-0.016458459661946964,3,0.4484898271451539
2024-05-07,-0.0032042477120272665,3,0.44705275464265654
2024-05-08,-0.0007931939395514334,3,0.4466981551070142
2024-05-09,-0.009790454357334367,3,0.4423247772079335
2024-05-10,0.007077330300024,3,0.44545525575611855
2024-05-13,0.0154091545542088,3,0.45231934463904916
2024-05-14,-0.0017625808541565334,3,0.45152209522222375
2024-05-15,-0.004247826691544667,3,0.44960410761431663
2024-05-16,0.010535165313178833,3,0.45434076121351774
2024-05-17,-0.0027387685420328335,3,0.45309642702934294
2024-05-20,0.018495322585423767,3,0.4614765916095536
2024-05-21,-0.0093699635736126,3,0.45715257275609716
2024-05-22,-0.017000280447231633,3,0.44938085081207
2024-05-23,0.0185740135799417,3,0.4577276568376192
2024-05-24,0.0038907695650157326,3,0.4595085696739089
2024-05-28,-0.0006023656154798666,3,0.459231777511519
2024-05-29,-0.014454847743469867,3,0.452593652088627
2024-05-30,-0.0038377190301165996,3,0.4508567248170965
2024-05-31,0.007613539909668968,3,0.4542893404850341
2024-06-03,0.0001884690541827333,3,0.4543749599673606
2024-06-04,0.0071516840312375665,3,0.4576245061127534
2024-06-05,0.014948656002155098,3,0.46446537743278904
2024-06-06,-0.006404458943825666,3,0.46149072799219226
2024-06-07,-0.0008876355475981668,3,0.4610810924171394
2024-06-10,-0.0026339895383027333,3,0.4598666096434035
2024-06-11,0.0181901260825013,3,0.4682316412539494
2024-06-12,-0.008558282518340734,3,0.4642243825840717
2024-06-13,-0.005353787987429534,3,0.4617390236611212
2024-06-14,0.005942867271544299,3,0.4644830773928317
2024-06-17,-0.009968718235461534,3,0.45985277646916245
2024-06-18,0.0023701023187697665,3,0.46094267460096466
2024-06-20,0.0142773268397522,3,0.4675237038206322
2024-06-21,-0.008512407617249399,3,0.46354395148298483
2024-06-24,0.01896114644327463,3,0.4723332762299479
2024-06-25,0.020563744095467,3,0.48204621685011406
2024-06-26,0.010582115884812567,3,0.4871472857786574
2024-06-27,-0.013302619477315467,3,0.4806669508065369
2024-06-28,0.01564435695399683,3,0.4881866761609436
2024-07-01,0.012015047717530565,3,0.49405226237007993
2024-07-02,0.03898923362330246,3,0.5133149814497481
2024-07-03,0.01821267514498763,3,0.5226638204539477
2024-07-05,0.010339815235150266,3,0.5280680677875392
2024-07-08,0.021901110232476834,3,0.5396333447504051
2024-07-09,0.015005112164288464,3,0.5477306036159751
2024-07-10,-0.046185809470153,3,0.5224332223163958
2024-07-11,0.008216086354609669,3,0.5267255787854643
2024-07-12,0.009692267710601467,3,0.5318307441050746
2024-07-15,0.0014114038419280332,3,0.5325813720605599
2024-07-16,-0.03818166558290066,3,0.5122465282168611
2024-07-17,0.003565316949852366,3,0.5140728494464157
2024-07-18,-0.021454943654848065,3,0.5030434454270557
2024-07-19,0.04042892897353993,3,0.523380953152831
2024-07-22,-0.008479974537669832,3,0.5189426959965936
2024-07-23,-0.08249563030231749,3,0.4761321911995707
2024-07-24,-0.004853221540279,3,0.47382141619322066
2024-07-25,0.010669831892782266,3,0.47887701105120234
2024-07-26,0.0154637102716425,3,0.48628222640584823
2024-07-29,-0.03559930008807959,3,0.468970919500527
2024-07-30,0.0415518922353835,3,0.4884575486091416
2024-07-31,-0.0076914105314175325,3,0.48470062107561884
2024-08-01,-0.019239043479904,3,0.47537544475200855
2024-08-02,-0.041761884009860396,3,0.45552287056713936
2024-08-05,0.027358185886599898,3,0.4679851499357127
2024-08-06,-0.011654853176238765,3,0.46253085172455194
2024-08-07,0.0249925579927201,3,0.4740906808597001
2024-08-08,0.004619860589158933,3,0.47628091371189135
2024-08-09,0.009125032831597735,3,0.4806269926865757
2024-08-12,0.043062927331562834,3,0.5013241979462253
2024-08-13,-0.0065237026961982,3,0.4980537079244141
2024-08-14,0.0211208635082577,3,0.5085730323092672
2024-08-15,-0.009169257181034899,3,0.5039097953806848
2024-08-16,0.011201758784898399,3,0.5095544713578868
2024-08-19,0.0019998426689023666,3,0.5105735001318382
2024-08-20,0.010898362049172399,3,0.5161379149889882
2024-08-21,-0.01612864396578533,3,0.5078133103208881
2024-08-22,0.002688868529222833,3,0.5091787535497303
2024-08-23,-0.006483035195449233,3,0.5058777297696925
2024-08-26,0.00023723780011083322,3,0.505997743089428
2024-08-27,-0.006350627930139166,3,0.5027843396895769
2024-08-28,0.005550727580890867,3,0.5055751585911318
2024-08-29,0.028305083888956733,3,0.5198855058672264
2024-08-30,-0.022636895936965433,3,0.5081169117717733
2024-09-03,-0.008835001738797667,3,0.5036276979727572
2024-09-04,0.027794689558781296,3,0.5176258734911137
2024-09-05,-0.03771513320648749,3,0.4981035447212719
2024-09-06,0.005929510755072399,3,0.5010570550468363
2024-09-09,0.0128778190753003,3,0.5075095771481322
2024-09-10,0.0419986073018317,3,0.5288242725806952
2024-09-11,0.018622506016658432,3,0.5386723057785843
2024-09-12,0.005235502023241634,3,0.5414925257253522
2024-09-13,0.003912709735312533,3,0.5436112288023567
2024-09-16,0.006159548903098633,3,0.5469596287504382
2024-09-17,-0.0031141014499614997,3,0.5452563409774761
2024-09-18,0.0253530044859323,3,0.5590802274362611
2024-09-19,-0.009005646478271767,3,0.5540453485549783
2024-09-20,-0.0020577973161605,3,0.5529052355236906
2024-09-23,-0.0030687463685899327,3,0.551208509590003
2024-09-24,0.004422529908419333,3,0.55364624570944
2024-09-25,-0.0028181079220819,3,0.5520860108383753
2024-09-26,-0.0014552373582345664,3,0.5512825946504446
2024-09-27,0.0033827985664635998,3,0.5531474726213444
2024-09-30,-0.014190518156914233,3,0.5452980233676601
2024-10-01,-0.0151139669008589,3,0.5370564070913775
2024-10-02,-0.0167136077473026,3,0.5280802569650765
2024-10-03,0.023051721929519632,3,0.5402534162051048
2024-10-04,-0.030044669471707468,3,0.5240216808842616
2024-10-07,0.014754170679330766,3,0.5317531862036978
2024-10-08,0.003073040090322933,3,0.5333872850630588
2024-10-09,-0.0024000704754207004,3,0.5321071179882141
2024-10-10,0.0077542772063891666,3,0.5362332240845875
2024-10-11,0.0035104419781418665,3,0.5381156397044884
2024-10-14,0.0009588440433481666,3,0.5386316086802515
2024-10-15,-0.008896412457944399,3,0.5338397197265459
2024-10-16,0.0017030295687910663,3,0.5347488645542353
2024-10-17,0.0034812183074916,3,0.5366104420914319
2024-10-18,-0.00012215414165983336,3,0.5365448929034725
2024-10-21,0.012029365473055467,3,0.5429991875129098
2024-10-22,-0.017524961797416232,3,0.533483147495718
2024-10-23,0.07558406536997993,3,0.573805972589817
2024-10-24,0.016950695229153198,3,0.5835323827518548
2024-10-25,0.0067733799713028,3,0.5874848693057928
2024-10-28,0.0092379143904762,3,0.5929120042341398
2024-10-29,-4.3012526973766965e-05,3,0.5928865015905646
2024-10-30,-0.04588244058224936,3,0.5656834219093178
2024-10-31,0.026086547201816798,3,0.5804401491962404
2024-11-01,-0.010428457271060567,3,0.5743870539019394
2024-11-04,0.023710282351884632,3,0.5880059331292217
2024-11-05,0.06981454733580607,3,0.6290573011814066
2024-11-06,0.0213318891928231,3,0.6424762818261447
2024-11-07,0.022229170788244133,3,0.6567579968222541
2024-11-08,0.021024309785714797,3,0.6705658804016906
2024-11-11,-0.0125895433649373,3,0.6621237621713262
2024-11-12,-0.005512133981008067,3,0.6584740472822287
2024-11-13,-0.019754061088118433,3,0.645466510727275
2024-11-14,-0.013967198854354065,3,0.6364511516181212
2024-11-15,0.019862580489425262,3,0.6490927138447234
2024-11-18,0.027482340921346764,3,0.6669313010961663
2024-11-19,-0.009182542503994532,3,0.6608071760766063
2024-11-20,-0.0079405988578345,3,0.6555599713690036
2024-11-21,-0.00038522442033963504,3,0.6553074336590351
2024-11-22,-0.019811139711006003,3,0.6423250465371552
2024-11-25,0.0047739028078185326,3,0.6453914438803511
2024-11-26,-0.011631566050608066,3,0.6378845306723594
2024-11-27,0.0224518357289449,3,0.6522062093690504
2024-11-29,0.01744878603699477,3,0.6635864159683303
2024-12-02,-0.0054141906812430335,3,0.6599936325787952
2024-12-03,0.02366716901177293,3,0.6756138134277314
2024-12-04,0.007274731474015734,3,0.680528722500554
2024-12-05,0.0018287385689173348,3,0.6817732316226467
2024-12-06,-0.006747419450879266,3,0.6771730216585072
2024-12-09,-0.007867679869702333,3,0.671845241107699
2024-12-10,0.03448712277668056,3,0.6950152504247088
2024-12-11,-0.010943677266272232,3,0.6874092278289234
2024-12-12,0.005256684825683167,3,0.6910227214858864
2024-12-13,0.0181037921795638,3,0.7035328532270234
2024-12-16,0.010176090611537566,3,0.7106920672896552
2024-12-17,-0.043902202347601595,3,0.6794911203446695
2024-12-18,0.001303367959572566,3,0.6803767472997408
2024-12-19,-0.014890156666376098,3,0.6702458309402883
2024-12-20,0.020058784919009733,3,0.6836901479059825
2024-12-23,0.03482344173200603,3,0.7074985919343331
2024-12-24,-0.0089793351228451,3,0.7011457249784137
2024-12-26,-0.0232935696019544,3,0.6848135382325162
2024-12-27,-0.0194165571142964,3,0.6715168170547812
2024-12-30,-0.021825305984407267,3,0.6568607570488854
2024-12-31,-0.009032577627405333,3,0.6509276112704451
